LID , PID , TYPE , AREA
hab ,1, nonhabitat ,3589.0178
hab ,5, nonhabitat ,0.0819
hab ,6, nonhabitat ,0.9014
hab ,7, nonhabitat ,1.3111
hab ,9, nonhabitat ,5.0806
hab ,10, nonhabitat ,36.5474
hab ,12, nonhabitat ,0.3278
hab ,15, nonhabitat ,4.1792
hab ,16, nonhabitat ,0.6556
hab ,17, nonhabitat ,43.103
hab ,19, nonhabitat ,0.0819
hab ,21, nonhabitat ,0.1639
hab ,22, nonhabitat ,0.0819
hab ,23, nonhabitat ,0.0819
hab ,25, nonhabitat ,0.0819
hab ,26, nonhabitat ,0.0819
hab ,27, nonhabitat ,0.5736
hab ,28, nonhabitat ,4.507
hab ,29, nonhabitat ,0.0819
hab ,30, nonhabitat ,1.7208
hab ,31, nonhabitat ,0.0819
hab ,33, nonhabitat ,0.0819
hab ,34, nonhabitat ,0.0819
hab ,35, nonhabitat ,0.1639
hab ,39, nonhabitat ,0.0819
hab ,40, nonhabitat ,0.0819
hab ,42, nonhabitat ,0.1639
hab ,43, nonhabitat ,0.0819
hab ,44, nonhabitat ,0.0819
hab ,45, nonhabitat ,0.0819
hab ,46, nonhabitat ,0.0819
hab ,47, nonhabitat ,0.2458
hab ,48, nonhabitat ,0.0819
hab ,49, nonhabitat ,0.0819
hab ,50, nonhabitat ,0.0819
hab ,51, nonhabitat ,0.0819
hab ,52, nonhabitat ,0.1639
hab ,54, nonhabitat ,0.4917
hab ,56, nonhabitat ,0.0819
hab ,57, nonhabitat ,0.0819
hab ,59, nonhabitat ,0.0819
hab ,60, nonhabitat ,0.1639
hab ,61, nonhabitat ,0.2458
hab ,62, nonhabitat ,0.0819
hab ,64, nonhabitat ,0.0819
hab ,65, nonhabitat ,0.9014
hab ,66, nonhabitat ,0.0819
hab ,67, nonhabitat ,2.6222
hab ,68, nonhabitat ,0.0819
hab ,69, nonhabitat ,0.0819
hab ,71, nonhabitat ,0.1639
hab ,72, nonhabitat ,0.0819
hab ,74, nonhabitat ,0.1639
hab ,77, nonhabitat ,0.1639
hab ,78, nonhabitat ,0.1639
hab ,80, nonhabitat ,0.0819
hab ,81, nonhabitat ,0.2458
hab ,82, nonhabitat ,0.0819
hab ,83, nonhabitat ,0.2458
hab ,84, nonhabitat ,0.1639
hab ,85, nonhabitat ,3.8514
hab ,87, nonhabitat ,0.2458
hab ,88, nonhabitat ,0.0819
hab ,89, nonhabitat ,0.7375
hab ,90, nonhabitat ,0.0819
hab ,91, nonhabitat ,0.0819
hab ,92, nonhabitat ,0.0819
hab ,93, nonhabitat ,2.7861
hab ,94, nonhabitat ,0.2458
hab ,95, nonhabitat ,0.0819
hab ,96, nonhabitat ,0.0819
hab ,97, nonhabitat ,0.0819
hab ,99, nonhabitat ,0.0819
hab ,100, nonhabitat ,0.0819
hab ,101, nonhabitat ,4.3431
hab ,102, nonhabitat ,1.3931
hab ,103, nonhabitat ,0.0819
hab ,104, nonhabitat ,0.0819
hab ,105, nonhabitat ,1.9667
hab ,106, nonhabitat ,0.4097
hab ,107, nonhabitat ,0.1639
hab ,108, nonhabitat ,0.0819
hab ,109, nonhabitat ,0.4917
hab ,111, nonhabitat ,0.0819
hab ,112, nonhabitat ,0.0819
hab ,113, nonhabitat ,0.0819
hab ,115, nonhabitat ,0.0819
hab ,116, nonhabitat ,0.0819
hab ,117, nonhabitat ,0.1639
hab ,118, nonhabitat ,0.0819
hab ,121, nonhabitat ,0.0819
hab ,122, nonhabitat ,0.3278
hab ,123, nonhabitat ,0.0819
hab ,126, nonhabitat ,0.3278
hab ,127, nonhabitat ,0.0819
hab ,128, nonhabitat ,0.0819
hab ,129, nonhabitat ,0.3278
hab ,130, nonhabitat ,0.8194
hab ,131, nonhabitat ,0.0819
hab ,132, nonhabitat ,0.0819
hab ,134, nonhabitat ,0.0819
hab ,135, nonhabitat ,0.3278
hab ,136, nonhabitat ,5.7361
hab ,139, nonhabitat ,0.0819
hab ,140, nonhabitat ,0.2458
hab ,141, nonhabitat ,0.0819
hab ,142, nonhabitat ,0.1639
hab ,144, nonhabitat ,0.0819
hab ,145, nonhabitat ,0.4097
hab ,149, nonhabitat ,0.0819
hab ,150, nonhabitat ,3.1958
hab ,152, nonhabitat ,0.9014
hab ,153, nonhabitat ,0.0819
hab ,156, nonhabitat ,0.3278
hab ,157, nonhabitat ,0.0819
hab ,160, nonhabitat ,0.8194
hab ,161, nonhabitat ,0.0819
hab ,162, nonhabitat ,0.5736
hab ,165, nonhabitat ,0.0819
hab ,166, nonhabitat ,0.0819
hab ,171, nonhabitat ,0.0819
hab ,175, nonhabitat ,0.0819
hab ,178, nonhabitat ,0.1639
hab ,180, nonhabitat ,0.0819
hab ,184, nonhabitat ,0.0819
hab ,185, nonhabitat ,0.0819
hab ,186, nonhabitat ,0.2458
hab ,187, nonhabitat ,10.5709
hab ,189, nonhabitat ,0.1639
hab ,191, nonhabitat ,0.0819
hab ,193, nonhabitat ,0.2458
hab ,196, nonhabitat ,0.0819
hab ,197, nonhabitat ,0.0819
hab ,198, nonhabitat ,0.2458
hab ,199, nonhabitat ,0.0819
hab ,200, nonhabitat ,0.1639
hab ,201, nonhabitat ,0.0819
hab ,203, nonhabitat ,0.0819
hab ,204, nonhabitat ,0.0819
hab ,206, nonhabitat ,1.1472
hab ,207, nonhabitat ,0.1639
hab ,208, nonhabitat ,0.4097
hab ,209, nonhabitat ,0.2458
hab ,210, nonhabitat ,0.0819
hab ,212, nonhabitat ,0.2458
hab ,213, nonhabitat ,0.0819
hab ,214, nonhabitat ,0.0819
hab ,215, nonhabitat ,0.3278
hab ,216, nonhabitat ,0.0819
hab ,217, nonhabitat ,0.3278
hab ,218, nonhabitat ,0.1639
hab ,219, nonhabitat ,0.1639
hab ,221, nonhabitat ,0.9014
hab ,222, nonhabitat ,0.1639
hab ,223, nonhabitat ,0.1639
hab ,224, nonhabitat ,0.2458
hab ,225, nonhabitat ,0.0819
hab ,227, nonhabitat ,0.4917
hab ,229, nonhabitat ,0.4097
hab ,230, nonhabitat ,0.0819
hab ,231, nonhabitat ,0.0819
hab ,233, nonhabitat ,0.1639
hab ,234, nonhabitat ,0.1639
hab ,235, nonhabitat ,0.0819
hab ,236, nonhabitat ,0.2458
hab ,237, nonhabitat ,0.0819
hab ,238, nonhabitat ,0.1639
hab ,239, nonhabitat ,0.0819
hab ,240, nonhabitat ,0.2458
hab ,241, nonhabitat ,0.0819
hab ,242, nonhabitat ,0.0819
hab ,244, nonhabitat ,0.0819
hab ,246, nonhabitat ,0.0819
hab ,248, nonhabitat ,0.2458
hab ,251, nonhabitat ,0.4097
hab ,252, nonhabitat ,0.2458
hab ,254, nonhabitat ,0.0819
hab ,255, nonhabitat ,0.0819
hab ,256, nonhabitat ,0.1639
hab ,257, nonhabitat ,0.0819
hab ,259, nonhabitat ,0.1639
hab ,260, nonhabitat ,0.1639
hab ,261, nonhabitat ,0.1639
hab ,262, nonhabitat ,0.0819
hab ,265, nonhabitat ,0.1639
hab ,266, nonhabitat ,0.1639
hab ,267, nonhabitat ,0.0819
hab ,268, nonhabitat ,0.1639
hab ,269, nonhabitat ,0.4097
hab ,270, nonhabitat ,0.4097
hab ,271, nonhabitat ,1.3111
hab ,272, nonhabitat ,0.0819
hab ,273, nonhabitat ,0.4097
hab ,275, nonhabitat ,0.0819
hab ,278, nonhabitat ,0.2458
hab ,279, nonhabitat ,0.0819
hab ,281, nonhabitat ,0.0819
hab ,282, nonhabitat ,0.0819
hab ,283, nonhabitat ,0.0819
hab ,287, nonhabitat ,0.0819
hab ,288, nonhabitat ,0.0819
hab ,289, nonhabitat ,0.1639
hab ,290, nonhabitat ,0.3278
hab ,291, nonhabitat ,0.4917
hab ,293, nonhabitat ,0.1639
hab ,294, nonhabitat ,0.0819
hab ,295, nonhabitat ,0.1639
hab ,297, nonhabitat ,0.0819
hab ,298, nonhabitat ,0.0819
hab ,299, nonhabitat ,0.1639
hab ,300, nonhabitat ,0.0819
hab ,302, nonhabitat ,0.0819
hab ,304, nonhabitat ,0.0819
hab ,305, nonhabitat ,0.0819
hab ,306, nonhabitat ,0.0819
hab ,307, nonhabitat ,0.1639
hab ,308, nonhabitat ,0.1639
hab ,309, nonhabitat ,0.0819
hab ,310, nonhabitat ,0.8194
hab ,311, nonhabitat ,0.0819
hab ,312, nonhabitat ,0.2458
hab ,313, nonhabitat ,0.0819
hab ,317, nonhabitat ,0.7375
hab ,318, nonhabitat ,0.9833
hab ,320, nonhabitat ,0.0819
hab ,321, nonhabitat ,0.0819
hab ,323, nonhabitat ,0.0819
hab ,324, nonhabitat ,0.0819
hab ,326, nonhabitat ,0.0819
hab ,327, nonhabitat ,0.0819
hab ,328, nonhabitat ,0.1639
hab ,330, nonhabitat ,0.2458
hab ,331, nonhabitat ,0.1639
hab ,332, nonhabitat ,0.4917
hab ,335, nonhabitat ,0.1639
hab ,336, nonhabitat ,0.5736
hab ,338, nonhabitat ,0.0819
hab ,339, nonhabitat ,0.2458
hab ,340, nonhabitat ,0.1639
hab ,342, nonhabitat ,0.1639
hab ,343, nonhabitat ,0.1639
hab ,346, nonhabitat ,0.0819
hab ,349, nonhabitat ,0.2458
hab ,350, nonhabitat ,0.0819
hab ,351, nonhabitat ,0.3278
hab ,352, nonhabitat ,0.0819
hab ,353, nonhabitat ,0.0819
hab ,358, nonhabitat ,0.1639
hab ,359, nonhabitat ,0.0819
hab ,361, nonhabitat ,0.0819
hab ,362, nonhabitat ,0.1639
hab ,365, nonhabitat ,0.5736
hab ,367, nonhabitat ,0.1639
hab ,369, nonhabitat ,0.5736
hab ,370, nonhabitat ,0.0819
hab ,371, nonhabitat ,0.0819
hab ,372, nonhabitat ,0.0819
hab ,373, nonhabitat ,0.6556
hab ,374, nonhabitat ,0.6556
hab ,375, nonhabitat ,0.0819
hab ,376, nonhabitat ,0.0819
hab ,377, nonhabitat ,0.0819
hab ,378, nonhabitat ,0.2458
hab ,379, nonhabitat ,0.1639
hab ,380, nonhabitat ,0.3278
hab ,381, nonhabitat ,0.0819
hab ,383, nonhabitat ,0.1639
hab ,387, nonhabitat ,0.0819
hab ,388, nonhabitat ,0.0819
hab ,392, nonhabitat ,0.2458
hab ,394, nonhabitat ,0.0819
hab ,395, nonhabitat ,0.0819
hab ,396, nonhabitat ,0.1639
hab ,400, nonhabitat ,0.5736
hab ,401, nonhabitat ,0.0819
hab ,403, nonhabitat ,0.0819
hab ,404, nonhabitat ,0.1639
hab ,405, nonhabitat ,0.0819
hab ,406, nonhabitat ,0.0819
hab ,407, nonhabitat ,0.0819
hab ,409, nonhabitat ,0.2458
hab ,410, nonhabitat ,0.4097
hab ,411, nonhabitat ,0.0819
hab ,412, nonhabitat ,0.0819
hab ,413, nonhabitat ,0.0819
hab ,415, nonhabitat ,0.0819
hab ,416, nonhabitat ,0.4917
hab ,418, nonhabitat ,0.0819
hab ,419, nonhabitat ,0.2458
hab ,421, nonhabitat ,0.4917
hab ,422, nonhabitat ,0.1639
hab ,423, nonhabitat ,0.4097
hab ,424, nonhabitat ,0.0819
hab ,426, nonhabitat ,0.5736
hab ,427, nonhabitat ,0.0819
hab ,428, nonhabitat ,0.0819
hab ,429, nonhabitat ,0.0819
hab ,431, nonhabitat ,0.0819
hab ,432, nonhabitat ,0.1639
hab ,433, nonhabitat ,0.1639
hab ,434, nonhabitat ,0.0819
hab ,435, nonhabitat ,0.1639
hab ,437, nonhabitat ,0.1639
hab ,440, nonhabitat ,0.0819
hab ,441, nonhabitat ,0.0819
hab ,443, nonhabitat ,0.1639
hab ,444, nonhabitat ,0.0819
hab ,445, nonhabitat ,0.0819
hab ,446, nonhabitat ,0.2458
hab ,450, nonhabitat ,0.0819
hab ,451, nonhabitat ,0.0819
hab ,454, nonhabitat ,0.2458
hab ,455, nonhabitat ,0.0819
hab ,456, nonhabitat ,0.0819
hab ,457, nonhabitat ,0.1639
hab ,458, nonhabitat ,0.1639
hab ,459, nonhabitat ,0.0819
hab ,460, nonhabitat ,0.0819
hab ,461, nonhabitat ,0.0819
hab ,464, nonhabitat ,0.0819
hab ,465, nonhabitat ,0.0819
hab ,466, nonhabitat ,0.1639
hab ,468, nonhabitat ,0.0819
hab ,471, nonhabitat ,0.6556
hab ,473, nonhabitat ,0.0819
hab ,474, nonhabitat ,0.2458
hab ,475, nonhabitat ,0.0819
hab ,476, nonhabitat ,0.3278
hab ,477, nonhabitat ,0.0819
hab ,478, nonhabitat ,0.0819
hab ,479, nonhabitat ,0.0819
hab ,480, nonhabitat ,0.0819
hab ,482, nonhabitat ,0.0819
hab ,483, nonhabitat ,0.0819
hab ,484, nonhabitat ,1.8028
hab ,485, nonhabitat ,0.0819
hab ,493, nonhabitat ,0.0819
hab ,496, nonhabitat ,0.0819
hab ,497, nonhabitat ,0.4917
hab ,501, nonhabitat ,0.1639
hab ,502, nonhabitat ,0.0819
hab ,503, nonhabitat ,0.6556
hab ,504, nonhabitat ,0.0819
hab ,505, nonhabitat ,0.0819
hab ,506, nonhabitat ,0.0819
hab ,508, nonhabitat ,0.9014
hab ,509, nonhabitat ,0.1639
hab ,510, nonhabitat ,0.2458
hab ,512, nonhabitat ,0.1639
hab ,513, nonhabitat ,0.4097
hab ,514, nonhabitat ,0.3278
hab ,515, nonhabitat ,0.0819
hab ,516, nonhabitat ,0.0819
hab ,517, nonhabitat ,0.0819
hab ,520, nonhabitat ,0.1639
hab ,521, nonhabitat ,0.3278
hab ,523, nonhabitat ,0.5736
hab ,524, nonhabitat ,0.1639
hab ,525, nonhabitat ,0.5736
hab ,526, nonhabitat ,0.5736
hab ,527, nonhabitat ,1.557
hab ,530, nonhabitat ,17.1265
hab ,531, nonhabitat ,0.0819
hab ,532, nonhabitat ,0.3278
hab ,533, nonhabitat ,0.0819
hab ,534, nonhabitat ,0.0819
hab ,536, nonhabitat ,0.0819
hab ,538, nonhabitat ,0.0819
hab ,539, nonhabitat ,0.0819
hab ,542, nonhabitat ,0.4097
hab ,543, nonhabitat ,0.0819
hab ,544, nonhabitat ,0.0819
hab ,545, nonhabitat ,21.3056
hab ,546, nonhabitat ,0.0819
hab ,547, nonhabitat ,0.1639
hab ,548, nonhabitat ,0.0819
hab ,549, nonhabitat ,0.6556
hab ,550, nonhabitat ,0.0819
hab ,551, nonhabitat ,0.2458
hab ,553, nonhabitat ,0.5736
hab ,554, nonhabitat ,0.1639
hab ,556, nonhabitat ,0.0819
hab ,557, nonhabitat ,0.1639
hab ,558, nonhabitat ,0.1639
hab ,560, nonhabitat ,0.2458
hab ,561, nonhabitat ,0.3278
hab ,562, nonhabitat ,0.2458
hab ,566, nonhabitat ,0.1639
hab ,568, nonhabitat ,0.1639
hab ,569, nonhabitat ,0.1639
hab ,570, nonhabitat ,0.3278
hab ,573, nonhabitat ,0.3278
hab ,574, nonhabitat ,0.1639
hab ,575, nonhabitat ,0.8194
hab ,576, nonhabitat ,0.0819
hab ,577, nonhabitat ,0.3278
hab ,578, nonhabitat ,0.0819
hab ,579, nonhabitat ,2.7042
hab ,580, nonhabitat ,0.7375
hab ,581, nonhabitat ,0.1639
hab ,582, nonhabitat ,0.0819
hab ,583, nonhabitat ,0.8194
hab ,584, nonhabitat ,0.1639
hab ,585, nonhabitat ,0.1639
hab ,588, nonhabitat ,0.0819
hab ,589, nonhabitat ,0.4917
hab ,591, nonhabitat ,0.0819
hab ,594, nonhabitat ,0.1639
hab ,595, nonhabitat ,0.0819
hab ,596, nonhabitat ,0.0819
hab ,597, nonhabitat ,0.2458
hab ,598, nonhabitat ,0.0819
hab ,599, nonhabitat ,0.6556
hab ,600, nonhabitat ,0.0819
hab ,601, nonhabitat ,0.2458
hab ,602, nonhabitat ,0.0819
hab ,603, nonhabitat ,0.8194
hab ,604, nonhabitat ,0.1639
hab ,605, nonhabitat ,0.1639
hab ,606, nonhabitat ,0.0819
hab ,607, nonhabitat ,2.2945
hab ,608, nonhabitat ,0.1639
hab ,609, nonhabitat ,0.1639
hab ,610, nonhabitat ,0.0819
hab ,612, nonhabitat ,0.0819
hab ,615, nonhabitat ,0.0819
hab ,617, nonhabitat ,1.6389
hab ,618, nonhabitat ,0.0819
hab ,620, nonhabitat ,1.2292
hab ,622, nonhabitat ,1.1472
hab ,626, nonhabitat ,0.3278
hab ,627, nonhabitat ,0.1639
hab ,630, nonhabitat ,0.0819
hab ,631, nonhabitat ,0.0819
hab ,632, nonhabitat ,0.4917
hab ,635, nonhabitat ,8.1125
hab ,636, nonhabitat ,0.0819
hab ,638, nonhabitat ,0.1639
hab ,639, nonhabitat ,0.0819
hab ,644, nonhabitat ,0.6556
hab ,645, nonhabitat ,0.0819
hab ,647, nonhabitat ,0.0819
hab ,649, nonhabitat ,0.0819
hab ,650, nonhabitat ,0.0819
hab ,655, nonhabitat ,0.0819
hab ,657, nonhabitat ,0.0819
hab ,662, nonhabitat ,0.4097
hab ,666, nonhabitat ,0.1639
hab ,667, nonhabitat ,0.2458
hab ,673, nonhabitat ,0.1639
hab ,674, nonhabitat ,8.6861
hab ,676, nonhabitat ,0.0819
hab ,677, nonhabitat ,0.3278
hab ,678, nonhabitat ,0.1639
hab ,679, nonhabitat ,0.0819
hab ,694, nonhabitat ,0.0819
hab ,697, nonhabitat ,0.0819
hab ,700, nonhabitat ,0.0819
hab ,703, nonhabitat ,0.0819
hab ,705, nonhabitat ,0.0819
hab ,709, nonhabitat ,0.0819
hab ,712, nonhabitat ,0.0819
hab ,714, nonhabitat ,0.1639
hab ,716, nonhabitat ,0.4097
hab ,724, nonhabitat ,315.3235
hab ,725, nonhabitat ,0.0819
hab ,727, nonhabitat ,0.0819
hab ,731, nonhabitat ,0.0819
hab ,732, nonhabitat ,0.2458
hab ,736, nonhabitat ,0.2458
hab ,740, nonhabitat ,1.3111
hab ,744, nonhabitat ,0.2458
hab ,745, nonhabitat ,0.0819
hab ,747, nonhabitat ,0.2458
hab ,750, nonhabitat ,0.0819
hab ,752, nonhabitat ,0.0819
hab ,757, nonhabitat ,0.3278
hab ,761, nonhabitat ,0.0819
hab ,763, nonhabitat ,0.0819
hab ,764, nonhabitat ,0.9014
hab ,767, nonhabitat ,0.0819
hab ,774, nonhabitat ,0.0819
hab ,775, nonhabitat ,0.6556
hab ,777, nonhabitat ,0.0819
hab ,780, nonhabitat ,0.3278
hab ,784, nonhabitat ,0.0819
hab ,788, nonhabitat ,0.7375
hab ,792, nonhabitat ,1.475
hab ,796, nonhabitat ,0.1639
hab ,799, nonhabitat ,0.1639
hab ,2, habitat ,0.8194
hab ,3, habitat ,0.3278
hab ,4, habitat ,894.6732
hab ,8, habitat ,0.2458
hab ,11, habitat ,1.7208
hab ,13, habitat ,6.2278
hab ,14, habitat ,729.3086
hab ,18, habitat ,6.3097
hab ,20, habitat ,0.0819
hab ,24, habitat ,29.2543
hab ,32, habitat ,0.0819
hab ,36, habitat ,0.0819
hab ,37, habitat ,0.0819
hab ,38, habitat ,0.2458
hab ,41, habitat ,0.0819
hab ,53, habitat ,61.2128
hab ,55, habitat ,0.3278
hab ,58, habitat ,274.9248
hab ,63, habitat ,0.2458
hab ,70, habitat ,0.0819
hab ,73, habitat ,0.1639
hab ,75, habitat ,0.0819
hab ,76, habitat ,0.6556
hab ,79, habitat ,0.2458
hab ,86, habitat ,0.0819
hab ,98, habitat ,0.0819
hab ,110, habitat ,0.0819
hab ,114, habitat ,0.0819
hab ,119, habitat ,0.0819
hab ,120, habitat ,0.0819
hab ,124, habitat ,0.0819
hab ,125, habitat ,0.0819
hab ,133, habitat ,0.0819
hab ,137, habitat ,0.0819
hab ,138, habitat ,0.2458
hab ,143, habitat ,0.9014
hab ,146, habitat ,0.0819
hab ,147, habitat ,0.0819
hab ,148, habitat ,148.2381
hab ,151, habitat ,0.0819
hab ,154, habitat ,0.0819
hab ,155, habitat ,0.0819
hab ,158, habitat ,0.0819
hab ,159, habitat ,12.2098
hab ,163, habitat ,1.7208
hab ,164, habitat ,0.0819
hab ,167, habitat ,0.0819
hab ,168, habitat ,0.0819
hab ,169, habitat ,0.7375
hab ,170, habitat ,0.0819
hab ,172, habitat ,0.0819
hab ,173, habitat ,0.0819
hab ,174, habitat ,64.5725
hab ,176, habitat ,0.0819
hab ,177, habitat ,0.1639
hab ,179, habitat ,0.3278
hab ,181, habitat ,75.1434
hab ,182, habitat ,0.0819
hab ,183, habitat ,0.0819
hab ,188, habitat ,1.9667
hab ,190, habitat ,1.6389
hab ,192, habitat ,0.1639
hab ,194, habitat ,4.3431
hab ,195, habitat ,0.4917
hab ,202, habitat ,0.0819
hab ,205, habitat ,0.0819
hab ,211, habitat ,55.9683
hab ,220, habitat ,0.0819
hab ,226, habitat ,0.0819
hab ,228, habitat ,0.0819
hab ,232, habitat ,696.4487
hab ,243, habitat ,0.0819
hab ,245, habitat ,0.0819
hab ,247, habitat ,0.0819
hab ,249, habitat ,0.0819
hab ,250, habitat ,0.0819
hab ,253, habitat ,0.2458
hab ,258, habitat ,0.0819
hab ,263, habitat ,11.9639
hab ,264, habitat ,0.0819
hab ,274, habitat ,24.9932
hab ,276, habitat ,0.4917
hab ,277, habitat ,0.0819
hab ,280, habitat ,0.6556
hab ,284, habitat ,0.0819
hab ,285, habitat ,0.0819
hab ,286, habitat ,1.2292
hab ,292, habitat ,0.0819
hab ,296, habitat ,1.8847
hab ,301, habitat ,4.507
hab ,303, habitat ,0.0819
hab ,314, habitat ,11.3903
hab ,315, habitat ,63.5892
hab ,316, habitat ,0.0819
hab ,319, habitat ,0.0819
hab ,322, habitat ,0.1639
hab ,325, habitat ,19.6667
hab ,329, habitat ,0.0819
hab ,333, habitat ,1.557
hab ,334, habitat ,0.1639
hab ,337, habitat ,0.0819
hab ,341, habitat ,0.0819
hab ,344, habitat ,0.0819
hab ,345, habitat ,103.4143
hab ,347, habitat ,0.0819
hab ,348, habitat ,0.1639
hab ,354, habitat ,0.0819
hab ,355, habitat ,6.3917
hab ,356, habitat ,0.0819
hab ,357, habitat ,0.0819
hab ,360, habitat ,0.2458
hab ,363, habitat ,0.0819
hab ,364, habitat ,770.0352
hab ,366, habitat ,0.0819
hab ,368, habitat ,0.0819
hab ,382, habitat ,1.0653
hab ,384, habitat ,0.0819
hab ,385, habitat ,0.0819
hab ,386, habitat ,0.1639
hab ,389, habitat ,0.0819
hab ,390, habitat ,0.0819
hab ,391, habitat ,9.5056
hab ,393, habitat ,150.2048
hab ,397, habitat ,0.0819
hab ,398, habitat ,2.2945
hab ,399, habitat ,0.0819
hab ,402, habitat ,0.0819
hab ,408, habitat ,0.0819
hab ,414, habitat ,0.0819
hab ,417, habitat ,11.8
hab ,420, habitat ,0.0819
hab ,425, habitat ,0.0819
hab ,430, habitat ,0.0819
hab ,436, habitat ,7.5389
hab ,438, habitat ,0.1639
hab ,439, habitat ,2.2125
hab ,442, habitat ,0.0819
hab ,447, habitat ,1.6389
hab ,448, habitat ,0.0819
hab ,449, habitat ,0.0819
hab ,452, habitat ,0.1639
hab ,453, habitat ,8.6042
hab ,462, habitat ,0.0819
hab ,463, habitat ,441.0268
hab ,467, habitat ,2.2125
hab ,469, habitat ,14.0126
hab ,470, habitat ,0.0819
hab ,472, habitat ,0.0819
hab ,481, habitat ,22.9445
hab ,486, habitat ,60.0655
hab ,487, habitat ,0.0819
hab ,488, habitat ,0.0819
hab ,489, habitat ,0.0819
hab ,490, habitat ,40.9724
hab ,491, habitat ,0.0819
hab ,492, habitat ,0.0819
hab ,494, habitat ,0.1639
hab ,495, habitat ,0.3278
hab ,498, habitat ,0.3278
hab ,499, habitat ,0.1639
hab ,500, habitat ,2.95
hab ,507, habitat ,0.4097
hab ,511, habitat ,0.8194
hab ,518, habitat ,0.0819
hab ,519, habitat ,226.0037
hab ,522, habitat ,0.1639
hab ,528, habitat ,0.0819
hab ,529, habitat ,0.0819
hab ,535, habitat ,25.6487
hab ,537, habitat ,0.0819
hab ,540, habitat ,4.6709
hab ,541, habitat ,177.2466
hab ,552, habitat ,0.1639
hab ,555, habitat ,0.0819
hab ,559, habitat ,0.1639
hab ,563, habitat ,0.0819
hab ,564, habitat ,32.3682
hab ,565, habitat ,1.6389
hab ,567, habitat ,31.6307
hab ,571, habitat ,0.1639
hab ,572, habitat ,17.782
hab ,586, habitat ,0.0819
hab ,587, habitat ,95.8754
hab ,590, habitat ,0.0819
hab ,592, habitat ,0.6556
hab ,593, habitat ,0.0819
hab ,611, habitat ,31.7126
hab ,613, habitat ,2.2945
hab ,614, habitat ,0.2458
hab ,616, habitat ,0.0819
hab ,619, habitat ,4.9986
hab ,621, habitat ,0.0819
hab ,623, habitat ,0.0819
hab ,624, habitat ,5.1625
hab ,625, habitat ,0.3278
hab ,628, habitat ,5.5722
hab ,629, habitat ,0.0819
hab ,633, habitat ,0.0819
hab ,634, habitat ,0.0819
hab ,637, habitat ,7.6209
hab ,640, habitat ,1.7208
hab ,641, habitat ,0.0819
hab ,642, habitat ,72.1934
hab ,643, habitat ,1.8028
hab ,646, habitat ,0.0819
hab ,648, habitat ,0.4917
hab ,651, habitat ,0.1639
hab ,652, habitat ,0.0819
hab ,653, habitat ,12.4556
hab ,654, habitat ,0.4097
hab ,656, habitat ,0.0819
hab ,658, habitat ,0.0819
hab ,659, habitat ,0.0819
hab ,660, habitat ,0.2458
hab ,661, habitat ,0.1639
hab ,663, habitat ,16.9626
hab ,664, habitat ,0.6556
hab ,665, habitat ,0.5736
hab ,668, habitat ,180.2785
hab ,669, habitat ,2.7042
hab ,670, habitat ,0.0819
hab ,671, habitat ,0.0819
hab ,672, habitat ,0.4097
hab ,675, habitat ,0.0819
hab ,680, habitat ,3.032
hab ,681, habitat ,1.2292
hab ,682, habitat ,0.2458
hab ,683, habitat ,2.8681
hab ,684, habitat ,0.0819
hab ,685, habitat ,5.5722
hab ,686, habitat ,0.7375
hab ,687, habitat ,0.5736
hab ,688, habitat ,1.1472
hab ,689, habitat ,0.0819
hab ,690, habitat ,0.3278
hab ,691, habitat ,0.7375
hab ,692, habitat ,0.0819
hab ,693, habitat ,0.0819
hab ,695, habitat ,100.7921
hab ,696, habitat ,0.0819
hab ,698, habitat ,0.0819
hab ,699, habitat ,0.5736
hab ,701, habitat ,3.1958
hab ,702, habitat ,0.2458
hab ,704, habitat ,0.0819
hab ,706, habitat ,0.0819
hab ,707, habitat ,6.3097
hab ,708, habitat ,0.0819
hab ,710, habitat ,7.8667
hab ,711, habitat ,3.3597
hab ,713, habitat ,0.0819
hab ,715, habitat ,0.0819
hab ,717, habitat ,0.0819
hab ,718, habitat ,0.0819
hab ,719, habitat ,0.0819
hab ,720, habitat ,5.4903
hab ,721, habitat ,0.0819
hab ,722, habitat ,0.3278
hab ,723, habitat ,0.1639
hab ,726, habitat ,0.3278
hab ,728, habitat ,0.0819
hab ,729, habitat ,0.0819
hab ,730, habitat ,0.4097
hab ,733, habitat ,0.4097
hab ,734, habitat ,0.0819
hab ,735, habitat ,0.9014
hab ,737, habitat ,0.1639
hab ,738, habitat ,0.1639
hab ,739, habitat ,1.7208
hab ,741, habitat ,1.557
hab ,742, habitat ,5.5722
hab ,743, habitat ,2.7861
hab ,746, habitat ,0.0819
hab ,748, habitat ,0.0819
hab ,749, habitat ,3.8514
hab ,751, habitat ,0.0819
hab ,753, habitat ,0.0819
hab ,754, habitat ,0.2458
hab ,755, habitat ,0.1639
hab ,756, habitat ,0.1639
hab ,758, habitat ,0.0819
hab ,759, habitat ,0.0819
hab ,760, habitat ,22.5348
hab ,762, habitat ,0.5736
hab ,765, habitat ,31.7126
hab ,766, habitat ,0.1639
hab ,768, habitat ,0.0819
hab ,769, habitat ,10.4889
hab ,770, habitat ,0.0819
hab ,771, habitat ,0.1639
hab ,772, habitat ,2.7042
hab ,773, habitat ,0.1639
hab ,776, habitat ,12.8653
hab ,778, habitat ,3.1139
hab ,779, habitat ,4.507
hab ,781, habitat ,0.2458
hab ,782, habitat ,0.1639
hab ,783, habitat ,0.0819
hab ,785, habitat ,0.3278
hab ,786, habitat ,10.407
hab ,787, habitat ,3.3597
hab ,789, habitat ,3.6875
hab ,790, habitat ,0.0819
hab ,791, habitat ,1.0653
hab ,793, habitat ,0.1639
hab ,794, habitat ,0.0819
hab ,795, habitat ,0.1639
hab ,797, habitat ,0.0819
hab ,798, habitat ,0.1639
hab ,800, habitat ,0.0819
habrd40 ,1, nonhabitat ,4432.5575
habrd40 ,4, nonhabitat ,0.9014
habrd40 ,5, nonhabitat ,1.3111
habrd40 ,7, nonhabitat ,5.0806
habrd40 ,8, nonhabitat ,36.5474
habrd40 ,10, nonhabitat ,0.3278
habrd40 ,13, nonhabitat ,4.1792
habrd40 ,14, nonhabitat ,0.6556
habrd40 ,15, nonhabitat ,43.103
habrd40 ,17, nonhabitat ,0.0819
habrd40 ,19, nonhabitat ,0.1639
habrd40 ,20, nonhabitat ,0.0819
habrd40 ,21, nonhabitat ,0.0819
habrd40 ,22, nonhabitat ,0.0819
habrd40 ,23, nonhabitat ,0.0819
habrd40 ,24, nonhabitat ,0.5736
habrd40 ,25, nonhabitat ,4.507
habrd40 ,26, nonhabitat ,0.0819
habrd40 ,27, nonhabitat ,1.7208
habrd40 ,28, nonhabitat ,0.0819
habrd40 ,30, nonhabitat ,0.0819
habrd40 ,31, nonhabitat ,0.0819
habrd40 ,32, nonhabitat ,0.1639
habrd40 ,33, nonhabitat ,0.0819
habrd40 ,34, nonhabitat ,0.0819
habrd40 ,35, nonhabitat ,0.1639
habrd40 ,36, nonhabitat ,0.0819
habrd40 ,37, nonhabitat ,0.0819
habrd40 ,38, nonhabitat ,0.0819
habrd40 ,39, nonhabitat ,0.2458
habrd40 ,40, nonhabitat ,0.0819
habrd40 ,41, nonhabitat ,0.0819
habrd40 ,42, nonhabitat ,0.0819
habrd40 ,43, nonhabitat ,0.0819
habrd40 ,44, nonhabitat ,0.1639
habrd40 ,45, nonhabitat ,0.4917
habrd40 ,46, nonhabitat ,0.0819
habrd40 ,47, nonhabitat ,0.0819
habrd40 ,48, nonhabitat ,0.0819
habrd40 ,49, nonhabitat ,0.1639
habrd40 ,50, nonhabitat ,0.2458
habrd40 ,51, nonhabitat ,0.0819
habrd40 ,52, nonhabitat ,0.0819
habrd40 ,53, nonhabitat ,0.9014
habrd40 ,54, nonhabitat ,0.0819
habrd40 ,55, nonhabitat ,2.6222
habrd40 ,57, nonhabitat ,0.0819
habrd40 ,58, nonhabitat ,0.0819
habrd40 ,59, nonhabitat ,0.1639
habrd40 ,60, nonhabitat ,0.0819
habrd40 ,61, nonhabitat ,0.1639
habrd40 ,63, nonhabitat ,0.1639
habrd40 ,64, nonhabitat ,0.1639
habrd40 ,66, nonhabitat ,0.0819
habrd40 ,67, nonhabitat ,0.2458
habrd40 ,68, nonhabitat ,0.1639
habrd40 ,69, nonhabitat ,3.8514
habrd40 ,70, nonhabitat ,0.2458
habrd40 ,71, nonhabitat ,0.0819
habrd40 ,72, nonhabitat ,0.7375
habrd40 ,73, nonhabitat ,0.0819
habrd40 ,74, nonhabitat ,0.0819
habrd40 ,75, nonhabitat ,0.0819
habrd40 ,76, nonhabitat ,2.7861
habrd40 ,77, nonhabitat ,0.2458
habrd40 ,78, nonhabitat ,0.0819
habrd40 ,79, nonhabitat ,0.0819
habrd40 ,80, nonhabitat ,0.0819
habrd40 ,81, nonhabitat ,0.0819
habrd40 ,82, nonhabitat ,0.0819
habrd40 ,83, nonhabitat ,4.3431
habrd40 ,84, nonhabitat ,1.3931
habrd40 ,85, nonhabitat ,0.0819
habrd40 ,86, nonhabitat ,0.0819
habrd40 ,87, nonhabitat ,1.9667
habrd40 ,88, nonhabitat ,0.4097
habrd40 ,89, nonhabitat ,0.0819
habrd40 ,90, nonhabitat ,0.4917
habrd40 ,92, nonhabitat ,0.0819
habrd40 ,93, nonhabitat ,0.0819
habrd40 ,94, nonhabitat ,0.0819
habrd40 ,95, nonhabitat ,0.0819
habrd40 ,96, nonhabitat ,0.0819
habrd40 ,97, nonhabitat ,0.1639
habrd40 ,98, nonhabitat ,0.0819
habrd40 ,99, nonhabitat ,0.3278
habrd40 ,100, nonhabitat ,0.3278
habrd40 ,101, nonhabitat ,0.0819
habrd40 ,102, nonhabitat ,0.0819
habrd40 ,103, nonhabitat ,0.3278
habrd40 ,104, nonhabitat ,0.8194
habrd40 ,106, nonhabitat ,0.0819
habrd40 ,107, nonhabitat ,0.0819
habrd40 ,108, nonhabitat ,0.0819
habrd40 ,109, nonhabitat ,0.3278
habrd40 ,112, nonhabitat ,0.0819
habrd40 ,113, nonhabitat ,0.2458
habrd40 ,115, nonhabitat ,0.0819
habrd40 ,116, nonhabitat ,0.1639
habrd40 ,118, nonhabitat ,0.0819
habrd40 ,119, nonhabitat ,0.4097
habrd40 ,120, nonhabitat ,0.0819
habrd40 ,121, nonhabitat ,3.1958
habrd40 ,122, nonhabitat ,0.9014
habrd40 ,125, nonhabitat ,0.3278
habrd40 ,127, nonhabitat ,0.8194
habrd40 ,128, nonhabitat ,0.0819
habrd40 ,129, nonhabitat ,0.5736
habrd40 ,131, nonhabitat ,0.0819
habrd40 ,132, nonhabitat ,0.0819
habrd40 ,134, nonhabitat ,0.0819
habrd40 ,136, nonhabitat ,0.0819
habrd40 ,137, nonhabitat ,0.1639
habrd40 ,140, nonhabitat ,0.0819
habrd40 ,142, nonhabitat ,0.0819
habrd40 ,143, nonhabitat ,0.2458
habrd40 ,144, nonhabitat ,10.5709
habrd40 ,146, nonhabitat ,0.1639
habrd40 ,149, nonhabitat ,0.0819
habrd40 ,150, nonhabitat ,0.2458
habrd40 ,151, nonhabitat ,0.0819
habrd40 ,152, nonhabitat ,0.0819
habrd40 ,154, nonhabitat ,0.2458
habrd40 ,155, nonhabitat ,0.0819
habrd40 ,156, nonhabitat ,0.0819
habrd40 ,157, nonhabitat ,0.0819
habrd40 ,158, nonhabitat ,0.0819
habrd40 ,160, nonhabitat ,1.1472
habrd40 ,161, nonhabitat ,0.1639
habrd40 ,162, nonhabitat ,0.4097
habrd40 ,163, nonhabitat ,0.2458
habrd40 ,164, nonhabitat ,0.0819
habrd40 ,165, nonhabitat ,0.2458
habrd40 ,166, nonhabitat ,0.0819
habrd40 ,167, nonhabitat ,0.0819
habrd40 ,168, nonhabitat ,0.3278
habrd40 ,169, nonhabitat ,0.0819
habrd40 ,171, nonhabitat ,0.3278
habrd40 ,172, nonhabitat ,0.1639
habrd40 ,173, nonhabitat ,0.1639
habrd40 ,174, nonhabitat ,0.9014
habrd40 ,175, nonhabitat ,0.1639
habrd40 ,176, nonhabitat ,0.1639
habrd40 ,177, nonhabitat ,0.2458
habrd40 ,178, nonhabitat ,0.0819
habrd40 ,179, nonhabitat ,0.4917
habrd40 ,180, nonhabitat ,0.4097
habrd40 ,181, nonhabitat ,0.0819
habrd40 ,182, nonhabitat ,0.0819
habrd40 ,183, nonhabitat ,0.1639
habrd40 ,184, nonhabitat ,0.1639
habrd40 ,185, nonhabitat ,0.0819
habrd40 ,186, nonhabitat ,0.2458
habrd40 ,188, nonhabitat ,0.0819
habrd40 ,189, nonhabitat ,0.1639
habrd40 ,190, nonhabitat ,0.0819
habrd40 ,191, nonhabitat ,0.2458
habrd40 ,192, nonhabitat ,0.0819
habrd40 ,193, nonhabitat ,0.0819
habrd40 ,195, nonhabitat ,0.0819
habrd40 ,197, nonhabitat ,0.0819
habrd40 ,199, nonhabitat ,0.2458
habrd40 ,202, nonhabitat ,0.4097
habrd40 ,203, nonhabitat ,0.2458
habrd40 ,205, nonhabitat ,0.0819
habrd40 ,206, nonhabitat ,0.1639
habrd40 ,207, nonhabitat ,0.0819
habrd40 ,208, nonhabitat ,0.1639
habrd40 ,210, nonhabitat ,0.1639
habrd40 ,211, nonhabitat ,0.1639
habrd40 ,212, nonhabitat ,0.0819
habrd40 ,214, nonhabitat ,0.1639
habrd40 ,215, nonhabitat ,0.1639
habrd40 ,216, nonhabitat ,0.0819
habrd40 ,218, nonhabitat ,0.1639
habrd40 ,219, nonhabitat ,0.4097
habrd40 ,220, nonhabitat ,0.4097
habrd40 ,221, nonhabitat ,1.3111
habrd40 ,223, nonhabitat ,0.0819
habrd40 ,224, nonhabitat ,0.4097
habrd40 ,226, nonhabitat ,0.0819
habrd40 ,228, nonhabitat ,0.2458
habrd40 ,230, nonhabitat ,0.0819
habrd40 ,231, nonhabitat ,0.0819
habrd40 ,232, nonhabitat ,0.0819
habrd40 ,235, nonhabitat ,0.0819
habrd40 ,236, nonhabitat ,0.0819
habrd40 ,237, nonhabitat ,0.1639
habrd40 ,238, nonhabitat ,0.3278
habrd40 ,240, nonhabitat ,0.4917
habrd40 ,241, nonhabitat ,0.1639
habrd40 ,242, nonhabitat ,0.0819
habrd40 ,243, nonhabitat ,0.1639
habrd40 ,244, nonhabitat ,0.0819
habrd40 ,245, nonhabitat ,0.0819
habrd40 ,246, nonhabitat ,0.1639
habrd40 ,247, nonhabitat ,0.0819
habrd40 ,248, nonhabitat ,0.0819
habrd40 ,250, nonhabitat ,0.0819
habrd40 ,251, nonhabitat ,0.0819
habrd40 ,252, nonhabitat ,0.0819
habrd40 ,253, nonhabitat ,0.1639
habrd40 ,254, nonhabitat ,0.1639
habrd40 ,256, nonhabitat ,0.0819
habrd40 ,257, nonhabitat ,0.8194
habrd40 ,258, nonhabitat ,0.0819
habrd40 ,259, nonhabitat ,0.2458
habrd40 ,260, nonhabitat ,0.0819
habrd40 ,264, nonhabitat ,0.7375
habrd40 ,265, nonhabitat ,0.9833
habrd40 ,268, nonhabitat ,0.0819
habrd40 ,269, nonhabitat ,0.0819
habrd40 ,270, nonhabitat ,0.0819
habrd40 ,272, nonhabitat ,0.0819
habrd40 ,273, nonhabitat ,0.1639
habrd40 ,274, nonhabitat ,0.2458
habrd40 ,275, nonhabitat ,0.4917
habrd40 ,277, nonhabitat ,0.1639
habrd40 ,278, nonhabitat ,0.5736
habrd40 ,279, nonhabitat ,0.0819
habrd40 ,280, nonhabitat ,0.2458
habrd40 ,281, nonhabitat ,0.1639
habrd40 ,284, nonhabitat ,0.1639
habrd40 ,285, nonhabitat ,0.1639
habrd40 ,286, nonhabitat ,0.0819
habrd40 ,287, nonhabitat ,0.2458
habrd40 ,289, nonhabitat ,0.3278
habrd40 ,290, nonhabitat ,0.0819
habrd40 ,291, nonhabitat ,0.0819
habrd40 ,294, nonhabitat ,0.1639
habrd40 ,295, nonhabitat ,0.0819
habrd40 ,297, nonhabitat ,0.0819
habrd40 ,298, nonhabitat ,0.1639
habrd40 ,299, nonhabitat ,0.5736
habrd40 ,301, nonhabitat ,0.1639
habrd40 ,304, nonhabitat ,0.5736
habrd40 ,305, nonhabitat ,0.0819
habrd40 ,306, nonhabitat ,0.0819
habrd40 ,307, nonhabitat ,0.0819
habrd40 ,308, nonhabitat ,0.6556
habrd40 ,309, nonhabitat ,0.6556
habrd40 ,310, nonhabitat ,0.0819
habrd40 ,311, nonhabitat ,0.0819
habrd40 ,312, nonhabitat ,0.0819
habrd40 ,313, nonhabitat ,0.2458
habrd40 ,314, nonhabitat ,0.1639
habrd40 ,315, nonhabitat ,0.3278
habrd40 ,316, nonhabitat ,0.0819
habrd40 ,317, nonhabitat ,0.1639
habrd40 ,319, nonhabitat ,0.0819
habrd40 ,320, nonhabitat ,0.0819
habrd40 ,323, nonhabitat ,0.2458
habrd40 ,324, nonhabitat ,0.0819
habrd40 ,326, nonhabitat ,0.0819
habrd40 ,327, nonhabitat ,0.1639
habrd40 ,329, nonhabitat ,0.5736
habrd40 ,330, nonhabitat ,0.0819
habrd40 ,331, nonhabitat ,0.0819
habrd40 ,332, nonhabitat ,0.1639
habrd40 ,333, nonhabitat ,0.0819
habrd40 ,334, nonhabitat ,0.0819
habrd40 ,335, nonhabitat ,0.0819
habrd40 ,336, nonhabitat ,0.2458
habrd40 ,337, nonhabitat ,0.4097
habrd40 ,338, nonhabitat ,0.0819
habrd40 ,339, nonhabitat ,0.0819
habrd40 ,340, nonhabitat ,0.0819
habrd40 ,341, nonhabitat ,0.4917
habrd40 ,343, nonhabitat ,0.0819
habrd40 ,345, nonhabitat ,0.2458
habrd40 ,347, nonhabitat ,0.4917
habrd40 ,348, nonhabitat ,0.1639
habrd40 ,349, nonhabitat ,0.4097
habrd40 ,350, nonhabitat ,0.5736
habrd40 ,351, nonhabitat ,0.0819
habrd40 ,352, nonhabitat ,0.0819
habrd40 ,353, nonhabitat ,0.1639
habrd40 ,354, nonhabitat ,0.1639
habrd40 ,355, nonhabitat ,0.1639
habrd40 ,357, nonhabitat ,0.1639
habrd40 ,358, nonhabitat ,0.0819
habrd40 ,359, nonhabitat ,0.0819
habrd40 ,360, nonhabitat ,0.1639
habrd40 ,364, nonhabitat ,0.0819
habrd40 ,365, nonhabitat ,0.0819
habrd40 ,366, nonhabitat ,0.2458
habrd40 ,367, nonhabitat ,0.0819
habrd40 ,368, nonhabitat ,0.0819
habrd40 ,370, nonhabitat ,0.1639
habrd40 ,371, nonhabitat ,0.1639
habrd40 ,373, nonhabitat ,0.0819
habrd40 ,375, nonhabitat ,0.0819
habrd40 ,376, nonhabitat ,0.0819
habrd40 ,378, nonhabitat ,0.0819
habrd40 ,379, nonhabitat ,0.0819
habrd40 ,381, nonhabitat ,0.1639
habrd40 ,383, nonhabitat ,0.0819
habrd40 ,386, nonhabitat ,0.6556
habrd40 ,387, nonhabitat ,0.0819
habrd40 ,388, nonhabitat ,0.2458
habrd40 ,389, nonhabitat ,0.0819
habrd40 ,391, nonhabitat ,0.3278
habrd40 ,392, nonhabitat ,0.0819
habrd40 ,393, nonhabitat ,0.0819
habrd40 ,394, nonhabitat ,0.0819
habrd40 ,395, nonhabitat ,0.0819
habrd40 ,397, nonhabitat ,0.0819
habrd40 ,398, nonhabitat ,0.0819
habrd40 ,401, nonhabitat ,0.0819
habrd40 ,402, nonhabitat ,0.1639
habrd40 ,403, nonhabitat ,0.0819
habrd40 ,404, nonhabitat ,0.6556
habrd40 ,405, nonhabitat ,0.0819
habrd40 ,406, nonhabitat ,0.0819
habrd40 ,407, nonhabitat ,0.0819
habrd40 ,410, nonhabitat ,0.9014
habrd40 ,411, nonhabitat ,0.1639
habrd40 ,412, nonhabitat ,0.2458
habrd40 ,414, nonhabitat ,0.1639
habrd40 ,415, nonhabitat ,0.4097
habrd40 ,416, nonhabitat ,0.3278
habrd40 ,418, nonhabitat ,0.0819
habrd40 ,419, nonhabitat ,0.0819
habrd40 ,420, nonhabitat ,0.0819
habrd40 ,424, nonhabitat ,0.1639
habrd40 ,425, nonhabitat ,0.3278
habrd40 ,427, nonhabitat ,0.5736
habrd40 ,428, nonhabitat ,0.1639
habrd40 ,429, nonhabitat ,0.5736
habrd40 ,430, nonhabitat ,0.5736
habrd40 ,431, nonhabitat ,1.557
habrd40 ,434, nonhabitat ,18.8473
habrd40 ,435, nonhabitat ,0.0819
habrd40 ,436, nonhabitat ,0.3278
habrd40 ,438, nonhabitat ,0.0819
habrd40 ,439, nonhabitat ,0.0819
habrd40 ,440, nonhabitat ,0.0819
habrd40 ,442, nonhabitat ,0.0819
habrd40 ,443, nonhabitat ,0.0819
habrd40 ,444, nonhabitat ,0.4097
habrd40 ,445, nonhabitat ,0.0819
habrd40 ,448, nonhabitat ,21.3056
habrd40 ,449, nonhabitat ,0.0819
habrd40 ,450, nonhabitat ,0.1639
habrd40 ,452, nonhabitat ,0.0819
habrd40 ,453, nonhabitat ,0.0819
habrd40 ,454, nonhabitat ,0.2458
habrd40 ,455, nonhabitat ,0.5736
habrd40 ,456, nonhabitat ,0.1639
habrd40 ,457, nonhabitat ,0.0819
habrd40 ,458, nonhabitat ,0.1639
habrd40 ,459, nonhabitat ,0.1639
habrd40 ,461, nonhabitat ,0.2458
habrd40 ,462, nonhabitat ,0.3278
habrd40 ,463, nonhabitat ,0.2458
habrd40 ,465, nonhabitat ,0.1639
habrd40 ,467, nonhabitat ,0.1639
habrd40 ,468, nonhabitat ,0.1639
habrd40 ,470, nonhabitat ,0.3278
habrd40 ,472, nonhabitat ,0.3278
habrd40 ,473, nonhabitat ,0.1639
habrd40 ,474, nonhabitat ,0.8194
habrd40 ,476, nonhabitat ,0.0819
habrd40 ,477, nonhabitat ,0.3278
habrd40 ,478, nonhabitat ,1.3931
habrd40 ,479, nonhabitat ,0.0819
habrd40 ,480, nonhabitat ,2.7042
habrd40 ,481, nonhabitat ,0.1639
habrd40 ,482, nonhabitat ,0.0819
habrd40 ,483, nonhabitat ,0.1639
habrd40 ,484, nonhabitat ,0.1639
habrd40 ,486, nonhabitat ,0.0819
habrd40 ,487, nonhabitat ,0.4917
habrd40 ,489, nonhabitat ,0.0819
habrd40 ,491, nonhabitat ,0.1639
habrd40 ,492, nonhabitat ,0.0819
habrd40 ,493, nonhabitat ,0.0819
habrd40 ,494, nonhabitat ,0.2458
habrd40 ,495, nonhabitat ,0.0819
habrd40 ,496, nonhabitat ,0.6556
habrd40 ,497, nonhabitat ,0.0819
habrd40 ,498, nonhabitat ,0.2458
habrd40 ,499, nonhabitat ,0.0819
habrd40 ,500, nonhabitat ,0.8194
habrd40 ,501, nonhabitat ,0.1639
habrd40 ,502, nonhabitat ,0.1639
habrd40 ,503, nonhabitat ,0.0819
habrd40 ,504, nonhabitat ,2.2945
habrd40 ,505, nonhabitat ,0.1639
habrd40 ,506, nonhabitat ,0.1639
habrd40 ,507, nonhabitat ,0.0819
habrd40 ,508, nonhabitat ,0.0819
habrd40 ,511, nonhabitat ,0.0819
habrd40 ,513, nonhabitat ,1.6389
habrd40 ,514, nonhabitat ,0.0819
habrd40 ,517, nonhabitat ,1.2292
habrd40 ,520, nonhabitat ,1.1472
habrd40 ,524, nonhabitat ,0.3278
habrd40 ,525, nonhabitat ,0.1639
habrd40 ,526, nonhabitat ,0.9833
habrd40 ,527, nonhabitat ,0.0819
habrd40 ,528, nonhabitat ,0.0819
habrd40 ,530, nonhabitat ,14.832
habrd40 ,531, nonhabitat ,0.4917
habrd40 ,533, nonhabitat ,0.1639
habrd40 ,534, nonhabitat ,0.0819
habrd40 ,535, nonhabitat ,0.0819
habrd40 ,538, nonhabitat ,0.0819
habrd40 ,539, nonhabitat ,0.0819
habrd40 ,540, nonhabitat ,0.0819
habrd40 ,543, nonhabitat ,0.0819
habrd40 ,550, nonhabitat ,0.4097
habrd40 ,553, nonhabitat ,0.1639
habrd40 ,559, nonhabitat ,0.1639
habrd40 ,560, nonhabitat ,8.6861
habrd40 ,562, nonhabitat ,0.0819
habrd40 ,563, nonhabitat ,0.3278
habrd40 ,564, nonhabitat ,0.1639
habrd40 ,583, nonhabitat ,0.0819
habrd40 ,585, nonhabitat ,0.0819
habrd40 ,588, nonhabitat ,0.0819
habrd40 ,591, nonhabitat ,0.0819
habrd40 ,593, nonhabitat ,0.1639
habrd40 ,596, nonhabitat ,0.4097
habrd40 ,602, nonhabitat ,0.0819
habrd40 ,604, nonhabitat ,0.0819
habrd40 ,608, nonhabitat ,0.0819
habrd40 ,609, nonhabitat ,0.2458
habrd40 ,613, nonhabitat ,0.2458
habrd40 ,618, nonhabitat ,1.3111
habrd40 ,622, nonhabitat ,0.2458
habrd40 ,623, nonhabitat ,0.0819
habrd40 ,626, nonhabitat ,0.0819
habrd40 ,629, nonhabitat ,0.3278
habrd40 ,632, nonhabitat ,0.0819
habrd40 ,633, nonhabitat ,0.0819
habrd40 ,634, nonhabitat ,0.9014
habrd40 ,640, nonhabitat ,0.0819
habrd40 ,642, nonhabitat ,0.6556
habrd40 ,644, nonhabitat ,0.0819
habrd40 ,647, nonhabitat ,0.3278
habrd40 ,650, nonhabitat ,0.0819
habrd40 ,654, nonhabitat ,0.7375
habrd40 ,656, nonhabitat ,1.475
habrd40 ,661, nonhabitat ,0.1639
habrd40 ,664, nonhabitat ,0.1639
habrd40 ,2, habitat ,0.0819
habrd40 ,3, habitat ,864.2717
habrd40 ,6, habitat ,0.2458
habrd40 ,9, habitat ,1.7208
habrd40 ,11, habitat ,6.2278
habrd40 ,12, habitat ,714.4766
habrd40 ,16, habitat ,6.3097
habrd40 ,18, habitat ,0.0819
habrd40 ,29, habitat ,21.5515
habrd40 ,56, habitat ,51.2974
habrd40 ,62, habitat ,0.0819
habrd40 ,65, habitat ,241.3274
habrd40 ,91, habitat ,0.0819
habrd40 ,105, habitat ,0.0819
habrd40 ,110, habitat ,0.0819
habrd40 ,111, habitat ,0.0819
habrd40 ,114, habitat ,1.3111
habrd40 ,117, habitat ,0.7375
habrd40 ,123, habitat ,0.0819
habrd40 ,124, habitat ,134.7172
habrd40 ,126, habitat ,0.0819
habrd40 ,130, habitat ,7.2111
habrd40 ,133, habitat ,0.2458
habrd40 ,135, habitat ,0.0819
habrd40 ,138, habitat ,0.0819
habrd40 ,139, habitat ,58.2627
habrd40 ,141, habitat ,0.0819
habrd40 ,145, habitat ,65.6378
habrd40 ,147, habitat ,0.0819
habrd40 ,148, habitat ,1.3111
habrd40 ,153, habitat ,2.8681
habrd40 ,159, habitat ,0.0819
habrd40 ,170, habitat ,45.8891
habrd40 ,187, habitat ,645.9708
habrd40 ,194, habitat ,0.0819
habrd40 ,196, habitat ,0.0819
habrd40 ,198, habitat ,0.0819
habrd40 ,200, habitat ,0.0819
habrd40 ,201, habitat ,0.0819
habrd40 ,204, habitat ,0.0819
habrd40 ,209, habitat ,0.1639
habrd40 ,213, habitat ,0.0819
habrd40 ,217, habitat ,5.3264
habrd40 ,222, habitat ,3.1139
habrd40 ,225, habitat ,22.6987
habrd40 ,227, habitat ,0.1639
habrd40 ,229, habitat ,0.2458
habrd40 ,233, habitat ,0.0819
habrd40 ,234, habitat ,1.2292
habrd40 ,239, habitat ,0.0819
habrd40 ,249, habitat ,0.0819
habrd40 ,255, habitat ,0.4097
habrd40 ,261, habitat ,10.1612
habrd40 ,262, habitat ,0.8194
habrd40 ,263, habitat ,0.0819
habrd40 ,266, habitat ,49.003
habrd40 ,267, habitat ,0.0819
habrd40 ,271, habitat ,12.2917
habrd40 ,276, habitat ,0.0819
habrd40 ,282, habitat ,0.0819
habrd40 ,283, habitat ,0.4097
habrd40 ,288, habitat ,90.549
habrd40 ,292, habitat ,2.4583
habrd40 ,293, habitat ,0.0819
habrd40 ,296, habitat ,0.2458
habrd40 ,300, habitat ,0.0819
habrd40 ,302, habitat ,729.7183
habrd40 ,303, habitat ,0.0819
habrd40 ,318, habitat ,0.0819
habrd40 ,321, habitat ,6.4736
habrd40 ,322, habitat ,0.1639
habrd40 ,325, habitat ,5.0806
habrd40 ,328, habitat ,129.3908
habrd40 ,342, habitat ,0.0819
habrd40 ,344, habitat ,5.982
habrd40 ,346, habitat ,0.4097
habrd40 ,356, habitat ,6.2278
habrd40 ,361, habitat ,0.1639
habrd40 ,362, habitat ,0.0819
habrd40 ,363, habitat ,0.8194
habrd40 ,369, habitat ,0.1639
habrd40 ,372, habitat ,0.0819
habrd40 ,374, habitat ,0.0819
habrd40 ,377, habitat ,0.0819
habrd40 ,380, habitat ,0.1639
habrd40 ,382, habitat ,2.2125
habrd40 ,384, habitat ,410.2156
habrd40 ,385, habitat ,5.4084
habrd40 ,390, habitat ,6.1459
habrd40 ,396, habitat ,6.8834
habrd40 ,399, habitat ,48.6752
habrd40 ,400, habitat ,37.4488
habrd40 ,408, habitat ,11.5542
habrd40 ,409, habitat ,0.4097
habrd40 ,413, habitat ,0.8194
habrd40 ,417, habitat ,0.0819
habrd40 ,421, habitat ,0.0819
habrd40 ,422, habitat ,0.0819
habrd40 ,423, habitat ,220.5954
habrd40 ,426, habitat ,0.1639
habrd40 ,432, habitat ,0.0819
habrd40 ,433, habitat ,0.0819
habrd40 ,437, habitat ,0.1639
habrd40 ,441, habitat ,0.0819
habrd40 ,446, habitat ,3.7695
habrd40 ,447, habitat ,160.0382
habrd40 ,451, habitat ,13.1931
habrd40 ,460, habitat ,0.1639
habrd40 ,464, habitat ,0.0819
habrd40 ,466, habitat ,1.2292
habrd40 ,469, habitat ,24.0098
habrd40 ,471, habitat ,23.1084
habrd40 ,475, habitat ,12.9473
habrd40 ,485, habitat ,0.0819
habrd40 ,488, habitat ,93.3351
habrd40 ,490, habitat ,0.6556
habrd40 ,509, habitat ,0.0819
habrd40 ,510, habitat ,0.2458
habrd40 ,512, habitat ,0.0819
habrd40 ,515, habitat ,26.3043
habrd40 ,516, habitat ,0.0819
habrd40 ,518, habitat ,0.0819
habrd40 ,519, habitat ,0.0819
habrd40 ,521, habitat ,0.0819
habrd40 ,522, habitat ,4.9986
habrd40 ,523, habitat ,2.7861
habrd40 ,529, habitat ,2.95
habrd40 ,532, habitat ,5.9
habrd40 ,536, habitat ,0.3278
habrd40 ,537, habitat ,68.5878
habrd40 ,541, habitat ,0.1639
habrd40 ,542, habitat ,0.2458
habrd40 ,544, habitat ,0.0819
habrd40 ,545, habitat ,0.1639
habrd40 ,546, habitat ,0.0819
habrd40 ,547, habitat ,0.0819
habrd40 ,548, habitat ,7.375
habrd40 ,549, habitat ,0.2458
habrd40 ,551, habitat ,16.9626
habrd40 ,552, habitat ,0.6556
habrd40 ,554, habitat ,0.1639
habrd40 ,555, habitat ,174.2146
habrd40 ,556, habitat ,0.0819
habrd40 ,557, habitat ,1.475
habrd40 ,558, habitat ,0.4097
habrd40 ,561, habitat ,0.0819
habrd40 ,565, habitat ,0.0819
habrd40 ,566, habitat ,0.0819
habrd40 ,567, habitat ,1.2292
habrd40 ,568, habitat ,0.0819
habrd40 ,569, habitat ,0.1639
habrd40 ,570, habitat ,0.9014
habrd40 ,571, habitat ,2.3764
habrd40 ,572, habitat ,0.0819
habrd40 ,573, habitat ,0.3278
habrd40 ,574, habitat ,0.2458
habrd40 ,575, habitat ,1.6389
habrd40 ,576, habitat ,0.7375
habrd40 ,577, habitat ,0.0819
habrd40 ,578, habitat ,0.2458
habrd40 ,579, habitat ,1.9667
habrd40 ,580, habitat ,0.0819
habrd40 ,581, habitat ,0.0819
habrd40 ,582, habitat ,0.0819
habrd40 ,584, habitat ,0.0819
habrd40 ,586, habitat ,89.7295
habrd40 ,587, habitat ,0.0819
habrd40 ,589, habitat ,0.0819
habrd40 ,590, habitat ,6.3097
habrd40 ,592, habitat ,1.8847
habrd40 ,594, habitat ,3.1139
habrd40 ,595, habitat ,0.0819
habrd40 ,597, habitat ,5.7361
habrd40 ,598, habitat ,0.0819
habrd40 ,599, habitat ,3.6875
habrd40 ,600, habitat ,0.1639
habrd40 ,601, habitat ,0.1639
habrd40 ,603, habitat ,0.3278
habrd40 ,605, habitat ,0.0819
habrd40 ,606, habitat ,0.0819
habrd40 ,607, habitat ,0.4097
habrd40 ,610, habitat ,0.4097
habrd40 ,611, habitat ,0.0819
habrd40 ,612, habitat ,0.4097
habrd40 ,614, habitat ,0.1639
habrd40 ,615, habitat ,0.1639
habrd40 ,616, habitat ,0.0819
habrd40 ,617, habitat ,1.7208
habrd40 ,619, habitat ,1.557
habrd40 ,620, habitat ,5.5722
habrd40 ,621, habitat ,2.7861
habrd40 ,624, habitat ,0.0819
habrd40 ,625, habitat ,3.8514
habrd40 ,627, habitat ,0.0819
habrd40 ,628, habitat ,0.1639
habrd40 ,630, habitat ,0.0819
habrd40 ,631, habitat ,22.3709
habrd40 ,635, habitat ,0.1639
habrd40 ,636, habitat ,29.0085
habrd40 ,637, habitat ,10.325
habrd40 ,638, habitat ,0.0819
habrd40 ,639, habitat ,0.1639
habrd40 ,641, habitat ,2.0486
habrd40 ,643, habitat ,12.8653
habrd40 ,645, habitat ,3.1139
habrd40 ,646, habitat ,4.507
habrd40 ,648, habitat ,0.2458
habrd40 ,649, habitat ,0.0819
habrd40 ,651, habitat ,0.1639
habrd40 ,652, habitat ,10.407
habrd40 ,653, habitat ,2.95
habrd40 ,655, habitat ,2.2125
habrd40 ,657, habitat ,0.1639
habrd40 ,658, habitat ,0.0819
habrd40 ,659, habitat ,0.1639
habrd40 ,660, habitat ,0.5736
habrd40 ,662, habitat ,0.0819
habrd40 ,663, habitat ,0.1639
habrd40 ,665, habitat ,0.0819
habrdurb ,1, nonhabitat ,6042.1989
habrdurb ,3, nonhabitat ,0.9014
habrdurb ,4, nonhabitat ,1.3111
habrdurb ,6, nonhabitat ,5.0806
habrdurb ,7, nonhabitat ,36.5474
habrdurb ,9, nonhabitat ,0.3278
habrdurb ,12, nonhabitat ,4.1792
habrdurb ,13, nonhabitat ,0.6556
habrdurb ,14, nonhabitat ,43.103
habrdurb ,16, nonhabitat ,0.1639
habrdurb ,17, nonhabitat ,0.0819
habrdurb ,18, nonhabitat ,0.0819
habrdurb ,19, nonhabitat ,0.0819
habrdurb ,20, nonhabitat ,0.0819
habrdurb ,21, nonhabitat ,0.5736
habrdurb ,22, nonhabitat ,4.507
habrdurb ,23, nonhabitat ,0.0819
habrdurb ,24, nonhabitat ,1.7208
habrdurb ,25, nonhabitat ,0.0819
habrdurb ,26, nonhabitat ,0.0819
habrdurb ,27, nonhabitat ,0.0819
habrdurb ,28, nonhabitat ,0.1639
habrdurb ,29, nonhabitat ,0.0819
habrdurb ,30, nonhabitat ,0.0819
habrdurb ,32, nonhabitat ,0.1639
habrdurb ,33, nonhabitat ,0.0819
habrdurb ,34, nonhabitat ,0.0819
habrdurb ,35, nonhabitat ,0.0819
habrdurb ,36, nonhabitat ,0.2458
habrdurb ,37, nonhabitat ,0.0819
habrdurb ,39, nonhabitat ,0.0819
habrdurb ,40, nonhabitat ,0.0819
habrdurb ,41, nonhabitat ,0.1639
habrdurb ,42, nonhabitat ,0.0819
habrdurb ,43, nonhabitat ,0.0819
habrdurb ,45, nonhabitat ,0.0819
habrdurb ,46, nonhabitat ,0.1639
habrdurb ,47, nonhabitat ,0.2458
habrdurb ,49, nonhabitat ,0.0819
habrdurb ,50, nonhabitat ,0.0819
habrdurb ,51, nonhabitat ,0.9014
habrdurb ,52, nonhabitat ,0.0819
habrdurb ,53, nonhabitat ,2.6222
habrdurb ,54, nonhabitat ,0.0819
habrdurb ,55, nonhabitat ,0.1639
habrdurb ,56, nonhabitat ,0.0819
habrdurb ,57, nonhabitat ,0.1639
habrdurb ,58, nonhabitat ,0.1639
habrdurb ,59, nonhabitat ,0.1639
habrdurb ,60, nonhabitat ,0.0819
habrdurb ,61, nonhabitat ,0.2458
habrdurb ,62, nonhabitat ,0.1639
habrdurb ,63, nonhabitat ,3.8514
habrdurb ,64, nonhabitat ,0.2458
habrdurb ,65, nonhabitat ,0.0819
habrdurb ,66, nonhabitat ,0.7375
habrdurb ,67, nonhabitat ,0.0819
habrdurb ,68, nonhabitat ,0.0819
habrdurb ,69, nonhabitat ,0.0819
habrdurb ,70, nonhabitat ,2.7861
habrdurb ,72, nonhabitat ,0.2458
habrdurb ,73, nonhabitat ,0.0819
habrdurb ,74, nonhabitat ,0.0819
habrdurb ,75, nonhabitat ,0.0819
habrdurb ,76, nonhabitat ,0.0819
habrdurb ,77, nonhabitat ,0.0819
habrdurb ,78, nonhabitat ,4.3431
habrdurb ,79, nonhabitat ,1.3931
habrdurb ,80, nonhabitat ,0.0819
habrdurb ,81, nonhabitat ,0.0819
habrdurb ,82, nonhabitat ,1.9667
habrdurb ,83, nonhabitat ,0.4097
habrdurb ,85, nonhabitat ,0.4917
habrdurb ,87, nonhabitat ,0.0819
habrdurb ,88, nonhabitat ,0.0819
habrdurb ,89, nonhabitat ,0.1639
habrdurb ,90, nonhabitat ,0.0819
habrdurb ,91, nonhabitat ,0.0819
habrdurb ,92, nonhabitat ,0.0819
habrdurb ,93, nonhabitat ,0.3278
habrdurb ,94, nonhabitat ,0.8194
habrdurb ,95, nonhabitat ,0.0819
habrdurb ,96, nonhabitat ,0.0819
habrdurb ,97, nonhabitat ,0.3278
habrdurb ,99, nonhabitat ,0.2458
habrdurb ,101, nonhabitat ,0.1639
habrdurb ,102, nonhabitat ,0.0819
habrdurb ,103, nonhabitat ,0.4097
habrdurb ,104, nonhabitat ,3.1958
habrdurb ,105, nonhabitat ,0.9014
habrdurb ,107, nonhabitat ,0.3278
habrdurb ,109, nonhabitat ,0.8194
habrdurb ,110, nonhabitat ,0.0819
habrdurb ,111, nonhabitat ,0.5736
habrdurb ,112, nonhabitat ,0.0819
habrdurb ,113, nonhabitat ,0.0819
habrdurb ,115, nonhabitat ,0.0819
habrdurb ,117, nonhabitat ,0.0819
habrdurb ,118, nonhabitat ,0.1639
habrdurb ,119, nonhabitat ,0.0819
habrdurb ,120, nonhabitat ,0.2458
habrdurb ,121, nonhabitat ,10.5709
habrdurb ,122, nonhabitat ,0.1639
habrdurb ,125, nonhabitat ,0.0819
habrdurb ,127, nonhabitat ,0.2458
habrdurb ,128, nonhabitat ,0.0819
habrdurb ,129, nonhabitat ,0.0819
habrdurb ,130, nonhabitat ,0.2458
habrdurb ,131, nonhabitat ,0.0819
habrdurb ,133, nonhabitat ,0.0819
habrdurb ,134, nonhabitat ,0.0819
habrdurb ,135, nonhabitat ,1.1472
habrdurb ,136, nonhabitat ,0.1639
habrdurb ,137, nonhabitat ,0.4097
habrdurb ,138, nonhabitat ,0.2458
habrdurb ,139, nonhabitat ,0.2458
habrdurb ,140, nonhabitat ,0.0819
habrdurb ,141, nonhabitat ,0.0819
habrdurb ,142, nonhabitat ,0.3278
habrdurb ,143, nonhabitat ,0.0819
habrdurb ,144, nonhabitat ,0.3278
habrdurb ,145, nonhabitat ,0.1639
habrdurb ,146, nonhabitat ,0.1639
habrdurb ,147, nonhabitat ,0.1639
habrdurb ,148, nonhabitat ,0.2458
habrdurb ,149, nonhabitat ,0.0819
habrdurb ,150, nonhabitat ,0.4917
habrdurb ,151, nonhabitat ,0.4097
habrdurb ,152, nonhabitat ,0.0819
habrdurb ,153, nonhabitat ,0.0819
habrdurb ,154, nonhabitat ,0.1639
habrdurb ,155, nonhabitat ,0.1639
habrdurb ,156, nonhabitat ,0.0819
habrdurb ,157, nonhabitat ,0.2458
habrdurb ,158, nonhabitat ,0.0819
habrdurb ,159, nonhabitat ,0.1639
habrdurb ,160, nonhabitat ,0.0819
habrdurb ,161, nonhabitat ,0.2458
habrdurb ,162, nonhabitat ,0.0819
habrdurb ,163, nonhabitat ,0.0819
habrdurb ,164, nonhabitat ,0.0819
habrdurb ,166, nonhabitat ,0.0819
habrdurb ,168, nonhabitat ,0.2458
habrdurb ,170, nonhabitat ,0.4097
habrdurb ,171, nonhabitat ,0.2458
habrdurb ,173, nonhabitat ,0.1639
habrdurb ,174, nonhabitat ,0.1639
habrdurb ,175, nonhabitat ,0.1639
habrdurb ,176, nonhabitat ,0.1639
habrdurb ,177, nonhabitat ,0.0819
habrdurb ,178, nonhabitat ,0.1639
habrdurb ,179, nonhabitat ,0.4097
habrdurb ,180, nonhabitat ,0.4097
habrdurb ,181, nonhabitat ,1.3111
habrdurb ,182, nonhabitat ,0.0819
habrdurb ,183, nonhabitat ,0.4097
habrdurb ,185, nonhabitat ,0.2458
habrdurb ,186, nonhabitat ,0.0819
habrdurb ,187, nonhabitat ,0.0819
habrdurb ,190, nonhabitat ,0.0819
habrdurb ,191, nonhabitat ,0.0819
habrdurb ,192, nonhabitat ,0.1639
habrdurb ,193, nonhabitat ,0.3278
habrdurb ,194, nonhabitat ,0.1639
habrdurb ,195, nonhabitat ,0.0819
habrdurb ,196, nonhabitat ,0.1639
habrdurb ,197, nonhabitat ,0.0819
habrdurb ,198, nonhabitat ,0.0819
habrdurb ,199, nonhabitat ,0.1639
habrdurb ,200, nonhabitat ,0.0819
habrdurb ,201, nonhabitat ,0.0819
habrdurb ,203, nonhabitat ,0.0819
habrdurb ,204, nonhabitat ,0.0819
habrdurb ,205, nonhabitat ,0.1639
habrdurb ,206, nonhabitat ,0.1639
habrdurb ,207, nonhabitat ,0.0819
habrdurb ,208, nonhabitat ,0.8194
habrdurb ,209, nonhabitat ,0.0819
habrdurb ,210, nonhabitat ,0.2458
habrdurb ,211, nonhabitat ,0.0819
habrdurb ,213, nonhabitat ,0.7375
habrdurb ,214, nonhabitat ,0.9833
habrdurb ,216, nonhabitat ,0.0819
habrdurb ,217, nonhabitat ,0.0819
habrdurb ,218, nonhabitat ,0.0819
habrdurb ,219, nonhabitat ,0.0819
habrdurb ,220, nonhabitat ,0.1639
habrdurb ,221, nonhabitat ,0.2458
habrdurb ,222, nonhabitat ,0.4917
habrdurb ,224, nonhabitat ,0.2458
habrdurb ,225, nonhabitat ,0.1639
habrdurb ,226, nonhabitat ,0.1639
habrdurb ,227, nonhabitat ,0.0819
habrdurb ,229, nonhabitat ,0.2458
habrdurb ,230, nonhabitat ,0.3278
habrdurb ,231, nonhabitat ,0.0819
habrdurb ,232, nonhabitat ,0.0819
habrdurb ,235, nonhabitat ,0.1639
habrdurb ,236, nonhabitat ,0.0819
habrdurb ,238, nonhabitat ,0.0819
habrdurb ,239, nonhabitat ,0.1639
habrdurb ,240, nonhabitat ,0.5736
habrdurb ,242, nonhabitat ,0.1639
habrdurb ,244, nonhabitat ,0.5736
habrdurb ,245, nonhabitat ,0.0819
habrdurb ,246, nonhabitat ,0.0819
habrdurb ,247, nonhabitat ,0.6556
habrdurb ,248, nonhabitat ,0.6556
habrdurb ,249, nonhabitat ,0.0819
habrdurb ,250, nonhabitat ,0.0819
habrdurb ,251, nonhabitat ,0.0819
habrdurb ,252, nonhabitat ,0.1639
habrdurb ,253, nonhabitat ,0.3278
habrdurb ,254, nonhabitat ,0.0819
habrdurb ,258, nonhabitat ,0.0819
habrdurb ,259, nonhabitat ,0.0819
habrdurb ,261, nonhabitat ,0.2458
habrdurb ,262, nonhabitat ,0.0819
habrdurb ,263, nonhabitat ,0.1639
habrdurb ,264, nonhabitat ,0.5736
habrdurb ,266, nonhabitat ,0.0819
habrdurb ,267, nonhabitat ,0.0819
habrdurb ,268, nonhabitat ,0.0819
habrdurb ,269, nonhabitat ,0.2458
habrdurb ,270, nonhabitat ,0.0819
habrdurb ,271, nonhabitat ,0.4917
habrdurb ,272, nonhabitat ,0.0819
habrdurb ,273, nonhabitat ,0.2458
habrdurb ,275, nonhabitat ,0.4917
habrdurb ,276, nonhabitat ,0.4097
habrdurb ,278, nonhabitat ,0.5736
habrdurb ,279, nonhabitat ,0.0819
habrdurb ,280, nonhabitat ,0.0819
habrdurb ,281, nonhabitat ,0.1639
habrdurb ,282, nonhabitat ,0.1639
habrdurb ,283, nonhabitat ,0.1639
habrdurb ,284, nonhabitat ,0.0819
habrdurb ,285, nonhabitat ,0.0819
habrdurb ,286, nonhabitat ,0.1639
habrdurb ,287, nonhabitat ,0.0819
habrdurb ,288, nonhabitat ,0.0819
habrdurb ,289, nonhabitat ,0.2458
habrdurb ,290, nonhabitat ,0.0819
habrdurb ,291, nonhabitat ,0.0819
habrdurb ,292, nonhabitat ,0.1639
habrdurb ,293, nonhabitat ,0.1639
habrdurb ,294, nonhabitat ,0.0819
habrdurb ,295, nonhabitat ,0.0819
habrdurb ,296, nonhabitat ,0.0819
habrdurb ,297, nonhabitat ,0.0819
habrdurb ,298, nonhabitat ,0.0819
habrdurb ,299, nonhabitat ,0.1639
habrdurb ,301, nonhabitat ,0.0819
habrdurb ,302, nonhabitat ,0.6556
habrdurb ,303, nonhabitat ,0.0819
habrdurb ,304, nonhabitat ,0.2458
habrdurb ,305, nonhabitat ,0.0819
habrdurb ,306, nonhabitat ,0.0819
habrdurb ,307, nonhabitat ,0.0819
habrdurb ,310, nonhabitat ,0.0819
habrdurb ,314, nonhabitat ,0.0819
habrdurb ,316, nonhabitat ,0.9014
habrdurb ,317, nonhabitat ,0.1639
habrdurb ,318, nonhabitat ,0.4097
habrdurb ,319, nonhabitat ,31.5487
habrdurb ,320, nonhabitat ,0.0819
habrdurb ,322, nonhabitat ,0.1639
habrdurb ,323, nonhabitat ,0.3278
habrdurb ,324, nonhabitat ,0.5736
habrdurb ,325, nonhabitat ,0.1639
habrdurb ,326, nonhabitat ,0.5736
habrdurb ,327, nonhabitat ,0.5736
habrdurb ,328, nonhabitat ,1.557
habrdurb ,329, nonhabitat ,0.3278
habrdurb ,331, nonhabitat ,0.0819
habrdurb ,332, nonhabitat ,0.0819
habrdurb ,334, nonhabitat ,0.0819
habrdurb ,335, nonhabitat ,0.0819
habrdurb ,336, nonhabitat ,0.4097
habrdurb ,337, nonhabitat ,0.0819
habrdurb ,338, nonhabitat ,21.3056
habrdurb ,339, nonhabitat ,1.557
habrdurb ,340, nonhabitat ,0.0819
habrdurb ,341, nonhabitat ,0.1639
habrdurb ,342, nonhabitat ,0.0819
habrdurb ,343, nonhabitat ,0.0819
habrdurb ,344, nonhabitat ,0.2458
habrdurb ,345, nonhabitat ,0.5736
habrdurb ,346, nonhabitat ,0.1639
habrdurb ,348, nonhabitat ,0.0819
habrdurb ,351, nonhabitat ,0.1639
habrdurb ,352, nonhabitat ,0.1639
habrdurb ,354, nonhabitat ,0.2458
habrdurb ,355, nonhabitat ,0.3278
habrdurb ,356, nonhabitat ,0.2458
habrdurb ,357, nonhabitat ,0.1639
habrdurb ,358, nonhabitat ,0.1639
habrdurb ,359, nonhabitat ,0.1639
habrdurb ,360, nonhabitat ,0.3278
habrdurb ,361, nonhabitat ,0.3278
habrdurb ,362, nonhabitat ,0.1639
habrdurb ,363, nonhabitat ,0.0819
habrdurb ,364, nonhabitat ,0.3278
habrdurb ,365, nonhabitat ,0.0819
habrdurb ,367, nonhabitat ,0.1639
habrdurb ,368, nonhabitat ,0.1639
habrdurb ,369, nonhabitat ,0.1639
habrdurb ,370, nonhabitat ,0.0819
habrdurb ,371, nonhabitat ,0.4917
habrdurb ,372, nonhabitat ,0.0819
habrdurb ,374, nonhabitat ,0.1639
habrdurb ,375, nonhabitat ,0.0819
habrdurb ,376, nonhabitat ,0.0819
habrdurb ,377, nonhabitat ,0.0819
habrdurb ,378, nonhabitat ,0.6556
habrdurb ,379, nonhabitat ,0.0819
habrdurb ,380, nonhabitat ,0.2458
habrdurb ,381, nonhabitat ,0.8194
habrdurb ,382, nonhabitat ,0.1639
habrdurb ,383, nonhabitat ,0.1639
habrdurb ,385, nonhabitat ,2.2945
habrdurb ,386, nonhabitat ,0.1639
habrdurb ,387, nonhabitat ,0.0819
habrdurb ,388, nonhabitat ,0.0819
habrdurb ,389, nonhabitat ,0.0819
habrdurb ,391, nonhabitat ,1.6389
habrdurb ,392, nonhabitat ,1.2292
habrdurb ,394, nonhabitat ,1.1472
habrdurb ,396, nonhabitat ,0.3278
habrdurb ,397, nonhabitat ,0.1639
habrdurb ,398, nonhabitat ,0.0819
habrdurb ,399, nonhabitat ,0.4917
habrdurb ,401, nonhabitat ,0.0819
habrdurb ,403, nonhabitat ,0.0819
habrdurb ,404, nonhabitat ,0.0819
habrdurb ,406, nonhabitat ,0.0819
habrdurb ,413, nonhabitat ,0.1639
habrdurb ,417, nonhabitat ,8.6861
habrdurb ,419, nonhabitat ,0.0819
habrdurb ,424, nonhabitat ,0.1639
habrdurb ,428, nonhabitat ,0.1639
habrdurb ,431, nonhabitat ,0.4097
habrdurb ,435, nonhabitat ,0.0819
habrdurb ,437, nonhabitat ,0.0819
habrdurb ,442, nonhabitat ,0.0819
habrdurb ,443, nonhabitat ,0.2458
habrdurb ,445, nonhabitat ,0.2458
habrdurb ,450, nonhabitat ,1.3111
habrdurb ,457, nonhabitat ,0.2458
habrdurb ,458, nonhabitat ,0.0819
habrdurb ,461, nonhabitat ,0.0819
habrdurb ,466, nonhabitat ,0.3278
habrdurb ,470, nonhabitat ,0.0819
habrdurb ,473, nonhabitat ,0.0819
habrdurb ,474, nonhabitat ,0.9014
habrdurb ,2, habitat ,767.1671
habrdurb ,5, habitat ,0.2458
habrdurb ,8, habitat ,1.7208
habrdurb ,10, habitat ,5.7361
habrdurb ,11, habitat ,660.3111
habrdurb ,15, habitat ,6.3097
habrdurb ,31, habitat ,0.0819
habrdurb ,38, habitat ,0.9833
habrdurb ,44, habitat ,2.8681
habrdurb ,48, habitat ,0.4097
habrdurb ,71, habitat ,20.3223
habrdurb ,84, habitat ,44.2502
habrdurb ,86, habitat ,0.0819
habrdurb ,98, habitat ,0.0819
habrdurb ,100, habitat ,0.2458
habrdurb ,106, habitat ,0.0819
habrdurb ,108, habitat ,101.6935
habrdurb ,114, habitat ,0.1639
habrdurb ,116, habitat ,0.7375
habrdurb ,123, habitat ,0.0819
habrdurb ,124, habitat ,0.0819
habrdurb ,126, habitat ,39.3335
habrdurb ,132, habitat ,34.5807
habrdurb ,165, habitat ,453.8922
habrdurb ,167, habitat ,20.4043
habrdurb ,169, habitat ,0.0819
habrdurb ,172, habitat ,103.3324
habrdurb ,184, habitat ,14.6681
habrdurb ,188, habitat ,0.0819
habrdurb ,189, habitat ,1.2292
habrdurb ,202, habitat ,0.0819
habrdurb ,212, habitat ,0.0819
habrdurb ,215, habitat ,0.0819
habrdurb ,223, habitat ,0.0819
habrdurb ,228, habitat ,15.3237
habrdurb ,233, habitat ,3.4417
habrdurb ,234, habitat ,0.0819
habrdurb ,237, habitat ,0.2458
habrdurb ,241, habitat ,0.0819
habrdurb ,243, habitat ,0.0819
habrdurb ,255, habitat ,0.0819
habrdurb ,256, habitat ,590.5761
habrdurb ,257, habitat ,0.0819
habrdurb ,260, habitat ,0.4917
habrdurb ,265, habitat ,38.9238
habrdurb ,274, habitat ,0.0819
habrdurb ,277, habitat ,71.6197
habrdurb ,300, habitat ,2.2125
habrdurb ,308, habitat ,9.6695
habrdurb ,309, habitat ,299.1804
habrdurb ,311, habitat ,0.0819
habrdurb ,312, habitat ,8.7681
habrdurb ,313, habitat ,15.5695
habrdurb ,315, habitat ,0.4097
habrdurb ,321, habitat ,173.1493
habrdurb ,330, habitat ,0.9833
habrdurb ,333, habitat ,0.0819
habrdurb ,347, habitat ,97.6782
habrdurb ,349, habitat ,0.1639
habrdurb ,350, habitat ,1.1472
habrdurb ,353, habitat ,0.1639
habrdurb ,366, habitat ,6.9653
habrdurb ,373, habitat ,5.3264
habrdurb ,384, habitat ,6.8834
habrdurb ,390, habitat ,0.0819
habrdurb ,393, habitat ,0.0819
habrdurb ,395, habitat ,0.0819
habrdurb ,400, habitat ,0.6556
habrdurb ,402, habitat ,0.0819
habrdurb ,405, habitat ,1.9667
habrdurb ,407, habitat ,0.0819
habrdurb ,408, habitat ,58.1808
habrdurb ,409, habitat ,10.8167
habrdurb ,410, habitat ,0.2458
habrdurb ,411, habitat ,16.9626
habrdurb ,412, habitat ,0.6556
habrdurb ,414, habitat ,0.3278
habrdurb ,415, habitat ,45.3974
habrdurb ,416, habitat ,0.1639
habrdurb ,418, habitat ,0.0819
habrdurb ,420, habitat ,137.9131
habrdurb ,421, habitat ,0.1639
habrdurb ,422, habitat ,1.3111
habrdurb ,423, habitat ,0.3278
habrdurb ,425, habitat ,0.0819
habrdurb ,426, habitat ,1.2292
habrdurb ,427, habitat ,0.0819
habrdurb ,429, habitat ,1.6389
habrdurb ,430, habitat ,0.0819
habrdurb ,432, habitat ,8.932
habrdurb ,433, habitat ,0.0819
habrdurb ,434, habitat ,0.1639
habrdurb ,436, habitat ,0.3278
habrdurb ,438, habitat ,0.0819
habrdurb ,439, habitat ,4.9986
habrdurb ,440, habitat ,0.0819
habrdurb ,441, habitat ,0.4097
habrdurb ,444, habitat ,0.4097
habrdurb ,446, habitat ,0.1639
habrdurb ,447, habitat ,0.1639
habrdurb ,448, habitat ,0.0819
habrdurb ,449, habitat ,1.7208
habrdurb ,451, habitat ,1.557
habrdurb ,452, habitat ,0.0819
habrdurb ,453, habitat ,4.2611
habrdurb ,454, habitat ,4.0972
habrdurb ,455, habitat ,0.0819
habrdurb ,456, habitat ,0.2458
habrdurb ,459, habitat ,0.0819
habrdurb ,460, habitat ,0.7375
habrdurb ,462, habitat ,0.0819
habrdurb ,463, habitat ,0.4097
habrdurb ,464, habitat ,0.1639
habrdurb ,465, habitat ,0.2458
habrdurb ,467, habitat ,0.0819
habrdurb ,468, habitat ,0.0819
habrdurb ,469, habitat ,16.9626
habrdurb ,471, habitat ,0.0819
habrdurb ,472, habitat ,8.2764
habrdurb ,475, habitat ,0.1639
habrdurb ,476, habitat ,0.0819
habrdurb ,477, habitat ,5.3264
habrdurb ,478, habitat ,0.0819
habrdurb ,479, habitat ,12.3737
habrdurb ,480, habitat ,0.0819
habrdurb ,481, habitat ,3.4417
habrdurb ,482, habitat ,8.4403
habrdurb ,483, habitat ,2.1306
habrdurb ,484, habitat ,0.2458
habrdurb ,485, habitat ,0.6556
habrdurb ,486, habitat ,1.557
habrdurb ,487, habitat ,0.0819
habrdurb ,488, habitat ,12.6195
habrdurb ,489, habitat ,0.1639
habrdurb ,490, habitat ,0.0819
habrdurb ,491, habitat ,0.0819
